nombre;apellido;email;contraseña;curso
Angel;Petlyura;alumno@email.com;1234;1º DAM
Ezechiel;Laker;paco@email.com;VHEWE2QEy7;1º DAM
Florence;Maven;fmaven2@shinystat.com;sBcy9IGguQ;1º DAM
Gaylene;Schechter;gschechter3@omniture.com;jxwAxqDdN;1º DAM
Lena;Woliter;lwoliter4@weather.com;N9yt5m4Iv;1º DAM
Anet;Detloff;adetloff5@t-online.de;yPLXzm1Rx;1º DAM
Nathalie;Griffiths;ngriffiths6@si.edu;Xl877sqt3I;1º DAM
Murry;Bowfin;mbowfin7@cornell.edu;LstfBh;1º DAM
Gray;Matysik;gmatysik8@rambler.ru;xn0QbAU;1º DAM
Portia;O'Drought;podrought9@tinypic.com;jpWlUIy0;1º DAM
Jsandye;Kochs;jkochsa@ustream.tv;cgdgGT;1º DAM
Derward;Rosendall;drosendallb@amazon.com;cfmtgaA1Ul;1º DAM
Nisse;Bendelow;nbendelowc@etsy.com;g5WMcQoyZG;1º DAM
Hastie;Tackes;htackesd@cnet.com;PTjSwIyuTV56;2º DAM
Corbie;Hallsworth;alumno2@email.com;1234;2º DAM
Delcina;Poag;dpoagf@shareasale.com;CY7zpLnRVN;2º DAM
Carrol;Cleef;ccleefg@addthis.com;T42glloLuF;2º DAM
Wilek;Oldnall;woldnallh@a8.net;8ZVRob;2º DAM
Valeda;Satterlee;vsatterleei@google.com;IMFlrv5a;2º DAM
Bamby;McDonogh;bmcdonoghj@cam.ac.uk;4n8DvVmPR;2º DAM
Noelle;Saddleton;nsaddletonk@businessinsider.com;z58POXUjO;2º DAM
Vida;Cast;vcastl@xing.com;UBwskvutHmOR;2º DAM
Alexandrina;Bellfield;abellfieldm@mashable.com;Tlj9yxc1;2º DAM
Nestor;Cerith;ncerithn@github.com;kgf6FP92Kl;2º DAM
Angela;MacKibbon;amackibbono@istockphoto.com;UB9tGmtn;2º DAM
Aldous;Dawber;adawberp@delicious.com;c3k7NMCy;2º DAM
Audi;Longega;alongegaq@umn.edu;6NY2nZVwB;2º DAM
Imojean;Cohn;icohnr@1688.com;AxINSop6Rs;2º DAM