Nombre de la asignatura;Curso
Bases de Datos;1º DAM
Entornos de Desarrollo;1º DAM
Formación y Orientación Laboral;1º DAM
FOP;1º DAM
Lenguajes de Marcas y Sistemas de Gestión de la Información;1º DAM
Programación;1º DAM
Sistemas Informáticos;1º DAM
Acceso a Datos;2º DAM
Desarrollo de Interfaces;2º DAM
Empresa e Iniciativa Emprendedora;2º DAM
FOP;2º DAM
Inglés;2º DAM
Programación de Servicios y Procesos;2º DAM
Programación Multimedia y Dispositivos Móviles;2º DAM
Sistemas de Gestión Empresarial;2º DAM
Comunicación y Atención al cliente;1º AyF
FOP;1º AyF
Formación y Orientación Laboral	1º AyF
Gestión de la Documentación Jurídica y Empresarial;1º AyF
Inglés;1º AyF
Ofimática y Proceso de la Información;1º AyF
Proceso Integral de la Actividad Comercial;1º AyF
Rcursos Humanos y Responsabilidad Social Corporativa;1º AyF
Contabilidad y Fiscalidad;2º AyF
Fiscalidad;2º AyF
FOP;2º AyF
Gestión de Recursos Humanos;2º AyF
Gestión Financiera;2º AyF
Gestión Logística y Comercial;2º AyF
Simulación Empresarial;2º AyF